{"1": {"name": "boots of speed", "id": "1001"}, "2": {"name": "faerie charm", "id": "1004"}, "4": {"name": "rejuvenation bead", "id": "1006"}, "6": {"name": "giant's belt", "id": "1011"}, "8": {"name": "cloak of agility", "id": "1018"}, "9": {"name": "blasting wand", "id": "1026"}, "10": {"name": "sapphire crystal", "id": "1027"}, "11": {"name": "ruby crystal", "id": "1028"}, "12": {"name": "cloth armor", "id": "1029"}, "13": {"name": "chain vest", "id": "1031"}, "14": {"name": "null-magic mantle", "id": "1033"}, "15": {"name": "long sword", "id": "1036"}, "16": {"name": "pickaxe", "id": "1037"}, "17": {"name": "b. f. sword", "id": "1038"}, "298": {"name": "hunter's talisman", "id": "1039"}, "151": {"name": "hunter's machete", "id": "1041"}, "18": {"name": "dagger", "id": "1042"}, "19": {"name": "recurve bow", "id": "1043"}, "21": {"name": "amplifying tome", "id": "1052"}, "22": {"name": "vampiric scepter", "id": "1053"}, "23": {"name": "doran's shield", "id": "1054"}, "24": {"name": "doran's blade", "id": "1055"}, "25": {"name": "doran's ring", "id": "1056"}, "26": {"name": "negatron cloak", "id": "1057"}, "106": {"name": "needlessly large rod", "id": "1058"}, "303": {"name": "dark seal", "id": "1082"}, "304": {"name": "cull", "id": "1083"}, "27": {"name": "health potion", "id": "2003"}, "372": {"name": "total biscuit of everlasting will", "id": "2010"}, "293": {"name": "kircheis shard", "id": "2015"}, "305": {"name": "refillable potion", "id": "2031"}, "307": {"name": "corrupting potion", "id": "2033"}, "233": {"name": "poro-snax", "id": "2052"}, "332": {"name": "control ward", "id": "2055"}, "379": {"name": "shurelya's reverie", "id": "2065"}, "254": {"name": "elixir of iron", "id": "2138"}, "256": {"name": "elixir of sorcery", "id": "2139"}, "257": {"name": "elixir of wrath", "id": "2140"}, "352": {"name": "minion dematerializer", "id": "2403"}, "388": {"name": "commencing stopwatch", "id": "2419"}, "353": {"name": "slightly magical boots", "id": "2422"}, "34": {"name": "abyssal mask", "id": "3001"}, "35": {"name": "archangel's staff", "id": "3003"}, "109": {"name": "manamune", "id": "3004"}, "37": {"name": "berserker's greaves", "id": "3006"}, "38": {"name": "boots of swiftness", "id": "3009"}, "39": {"name": "catalyst of aeons", "id": "3010"}, "40": {"name": "sorcerer's shoes", "id": "3020"}, "41": {"name": "frozen mallet", "id": "3022"}, "42": {"name": "glacial shroud", "id": "3024"}, "150": {"name": "iceborn gauntlet", "id": "3025"}, "43": {"name": "guardian angel", "id": "3026"}, "44": {"name": "rod of ages", "id": "3027"}, "45": {"name": "chalice of harmony", "id": "3028"}, "324": {"name": "hextech glp-800", "id": "3030"}, "46": {"name": "infinity edge", "id": "3031"}, "297": {"name": "mortal reminder", "id": "3033"}, "48": {"name": "last whisper", "id": "3035"}, "296": {"name": "lord dominik's regards", "id": "3036"}, "50": {"name": "mejai's soulstealer", "id": "3041"}, "51": {"name": "phage", "id": "3044"}, "52": {"name": "phantom dancer", "id": "3046"}, "53": {"name": "ninja tabi", "id": "3047"}, "339": {"name": "zeke's convergence", "id": "3050"}, "310": {"name": "jaurim's fist", "id": "3052"}, "288": {"name": "sterak's gage", "id": "3053"}, "55": {"name": "sheen", "id": "3057"}, "56": {"name": "spirit visage", "id": "3065"}, "110": {"name": "kindlegem", "id": "3067"}, "57": {"name": "sunfire cape", "id": "3068"}, "58": {"name": "tear of the goddess", "id": "3070"}, "59": {"name": "black cleaver", "id": "3071"}, "60": {"name": "bloodthirster", "id": "3072"}, "159": {"name": "ravenous hydra", "id": "3074"}, "61": {"name": "thornmail", "id": "3075"}, "341": {"name": "bramble vest", "id": "3076"}, "62": {"name": "tiamat", "id": "3077"}, "63": {"name": "trinity force", "id": "3078"}, "64": {"name": "warden's mail", "id": "3082"}, "65": {"name": "warmog's armor", "id": "3083"}, "161": {"name": "runaan's hurricane", "id": "3085"}, "66": {"name": "zeal", "id": "3086"}, "169": {"name": "statikk shiv", "id": "3087"}, "115": {"name": "rabadon's deathcap", "id": "3089"}, "68": {"name": "wit's end", "id": "3091"}, "294": {"name": "rapid firecannon", "id": "3094"}, "384": {"name": "stormrazor", "id": "3095"}, "74": {"name": "lich bane", "id": "3100"}, "75": {"name": "stinger", "id": "3101"}, "76": {"name": "banshee's veil", "id": "3102"}, "77": {"name": "aegis of the legion", "id": "3105"}, "336": {"name": "redemption", "id": "3107"}, "79": {"name": "fiendish codex", "id": "3108"}, "334": {"name": "knight's vow", "id": "3109"}, "81": {"name": "frozen heart", "id": "3110"}, "82": {"name": "mercury's treads", "id": "3111"}, "235": {"name": "aether wisp", "id": "3113"}, "237": {"name": "forbidden idol", "id": "3114"}, "84": {"name": "nashor's tooth", "id": "3115"}, "85": {"name": "rylai's crystal scepter", "id": "3116"}, "86": {"name": "boots of mobility", "id": "3117"}, "87": {"name": "executioner's calling", "id": "3123"}, "88": {"name": "guinsoo's rageblade", "id": "3124"}, "309": {"name": "caulfield's warhammer", "id": "3133"}, "311": {"name": "serrated dirk", "id": "3134"}, "98": {"name": "void staff", "id": "3135"}, "99": {"name": "haunting guise", "id": "3136"}, "154": {"name": "mercurial scimitar", "id": "3139"}, "94": {"name": "quicksilver sash", "id": "3140"}, "101": {"name": "youmuu's ghostblade", "id": "3142"}, "102": {"name": "randuin's omen", "id": "3143"}, "103": {"name": "bilgewater cutlass", "id": "3144"}, "105": {"name": "hextech revolver", "id": "3145"}, "104": {"name": "hextech gunblade", "id": "3146"}, "322": {"name": "duskblade of draktharr", "id": "3147"}, "153": {"name": "liandry's torment", "id": "3151"}, "325": {"name": "hextech protobelt-01", "id": "3152"}, "145": {"name": "blade of the ruined king", "id": "3153"}, "112": {"name": "hexdrinker", "id": "3155"}, "136": {"name": "maw of malmortius", "id": "3156"}, "114": {"name": "zhonya's hourglass", "id": "3157"}, "113": {"name": "ionian boots of lucidity", "id": "3158"}, "156": {"name": "morellonomicon", "id": "3165"}, "137": {"name": "athene's unholy grail", "id": "3174"}, "397": {"name": "umbral glaive", "id": "3179"}, "130": {"name": "sanguine blade", "id": "3181"}, "135": {"name": "locket of the iron solari", "id": "3190"}, "179": {"name": "seeker's armguard", "id": "3191"}, "338": {"name": "gargoyle stoneplate", "id": "3193"}, "337": {"name": "adaptive helm", "id": "3194"}, "247": {"name": "hex core mk-1", "id": "3196"}, "248": {"name": "hex core mk-2", "id": "3197"}, "249": {"name": "perfect hex core", "id": "3198"}, "246": {"name": "prototype hex core", "id": "3200"}, "182": {"name": "spectre's cowl", "id": "3211"}, "155": {"name": "mikael's crucible", "id": "3222"}, "283": {"name": "luden's echo", "id": "3285"}, "188": {"name": "warding totem", "id": "3340"}, "312": {"name": "farsight alteration", "id": "3363"}, "313": {"name": "oracle lens", "id": "3364"}, "344": {"name": "molten edge", "id": "3371"}, "342": {"name": "forgefire cape", "id": "3373"}, "346": {"name": "rabadon's deathcrown", "id": "3374"}, "343": {"name": "infernal mask", "id": "3379"}, "345": {"name": "obsidian cleaver", "id": "3380"}, "348": {"name": "salvation", "id": "3382"}, "349": {"name": "circlet of the iron solari", "id": "3383"}, "347": {"name": "trinity fusion", "id": "3384"}, "350": {"name": "zhonya's paradox", "id": "3386"}, "391": {"name": "frozen fist", "id": "3387"}, "394": {"name": "youmuu's wraithblade", "id": "3388"}, "393": {"name": "might of the ruined king", "id": "3389"}, "392": {"name": "luden's pulse", "id": "3390"}, "243": {"name": "ardent censer", "id": "3504"}, "244": {"name": "essence reaver", "id": "3508"}, "261": {"name": "stalker's blade", "id": "3706"}, "260": {"name": "skirmisher's sabre", "id": "3715"}, "287": {"name": "dead man's plate", "id": "3742"}, "289": {"name": "titanic hydra", "id": "3748"}, "284": {"name": "bami's cinder", "id": "3751"}, "253": {"name": "righteous glory", "id": "3800"}, "251": {"name": "crystalline bracer", "id": "3801"}, "323": {"name": "lost chapter", "id": "3802"}, "308": {"name": "death's dance", "id": "3812"}, "333": {"name": "edge of night", "id": "3814"}, "183": {"name": "spellthief's edge", "id": "3850"}, "72": {"name": "frostfang", "id": "3851"}, "398": {"name": "shard of true ice", "id": "3853"}, "402": {"name": "steel shoulderguards", "id": "3854"}, "403": {"name": "runesteel spaulders", "id": "3855"}, "404": {"name": "pauldrons of whiterock", "id": "3857"}, "186": {"name": "relic shield", "id": "3858"}, "71": {"name": "targon's buckler", "id": "3859"}, "405": {"name": "bulwark of the mountain", "id": "3860"}, "399": {"name": "spectral sickle", "id": "3862"}, "400": {"name": "harrowing crescent", "id": "3863"}, "401": {"name": "black mist scythe", "id": "3864"}, "292": {"name": "fire at will", "id": "3901"}, "290": {"name": "death's daughter", "id": "3902"}, "291": {"name": "raise morale", "id": "3903"}, "171": {"name": "twin shadows", "id": "3905"}, "367": {"name": "spellbinder", "id": "3907"}, "366": {"name": "oblivion orb", "id": "3916"}, "329": {"name": "enchantment: bloodrazor", "id": "1419"}, "328": {"name": "enchantment: bloodrazor", "id": "1416"}, "320": {"name": "enchantment: runic echoes", "id": "1414"}, "321": {"name": "enchantment: runic echoes", "id": "1402"}, "277": {"name": "enchantment: warrior", "id": "1400"}, "273": {"name": "enchantment: warrior", "id": "1412"}, "275": {"name": "enchantment: cinderhulk", "id": "1401"}, "271": {"name": "enchantment: cinderhulk", "id": "1413"}, "217": {"name": "mercury's treads", "id": "3111"}, "232": {"name": "boots of swiftness", "id": "3009"}, "170": {"name": "health potion", "id": "2003"}, "163": {"name": "archangel's staff", "id": "3003"}, "157": {"name": "muramana", "id": "3004"}}