{"12": {"name": "cloth armor", "id": "1029"}, "155": {"name": "mikael's crucible", "id": "3222"}, "170": {"name": "health potion", "id": "2003"}, "137": {"name": "athene's unholy grail", "id": "3174"}, "79": {"name": "fiendish codex", "id": "3108"}, "18": {"name": "dagger", "id": "1042"}, "99": {"name": "haunting guise", "id": "3136"}, "304": {"name": "cull", "id": "1083"}, "112": {"name": "hexdrinker", "id": "3155"}, "309": {"name": "caulfield's warhammer", "id": "3133"}, "53": {"name": "ninja tabi", "id": "3047"}, "324": {"name": "hextech glp-800", "id": "3030"}, "297": {"name": "mortal reminder", "id": "3033"}, "188": {"name": "warding totem", "id": "3340"}, "56": {"name": "spirit visage", "id": "3065"}, "294": {"name": "rapid firecannon", "id": "3094"}, "81": {"name": "frozen heart", "id": "3110"}, "190": {"name": "sweeping lens", "id": "3341"}, "154": {"name": "mercurial scimitar", "id": "3139"}, "284": {"name": "bami's cinder", "id": "3751"}, "298": {"name": "hunter's talisman", "id": "1039"}, "110": {"name": "kindlegem", "id": "3067"}, "286": {"name": "arcane sweeper", "id": "3187"}, "327": {"name": "enchantment: bloodrazor", "id": "1418"}, "15": {"name": "long sword", "id": "1036"}, "21": {"name": "amplifying tome", "id": "1052"}, "37": {"name": "berserker's greaves", "id": "3006"}, "19": {"name": "recurve bow", "id": "1043"}, "283": {"name": "luden's echo", "id": "3285"}, "75": {"name": "stinger", "id": "3101"}, "217": {"name": "mercury's treads", "id": "3111"}, "150": {"name": "iceborn gauntlet", "id": "3025"}, "148": {"name": "banner of command", "id": "3060"}, "57": {"name": "sunfire cape", "id": "3068"}, "336": {"name": "redemption", "id": "3107"}, "308": {"name": "death's dance", "id": "3812"}, "64": {"name": "warden's mail", "id": "3082"}, "315": {"name": "enchantment: cinderhulk", "id": "1409"}, "17": {"name": "b. f. sword", "id": "1038"}, "35": {"name": "archangel's staff", "id": "3003"}, "251": {"name": "crystalline bracer", "id": "3801"}, "252": {"name": "raptor cloak", "id": "2053"}, "22": {"name": "vampiric scepter", "id": "1053"}, "55": {"name": "sheen", "id": "3057"}, "2": {"name": "faerie charm", "id": "1004"}, "42": {"name": "glacial shroud", "id": "3024"}, "71": {"name": "targon's brace", "id": "3097"}, "303": {"name": "the dark seal", "id": "1082"}, "247": {"name": "the hex core mk-1", "id": "3196"}, "260": {"name": "skirmisher's sabre", "id": "3715"}, "152": {"name": "frost queen's claim", "id": "3092"}, "302": {"name": "eye of the equinox", "id": "2303"}, "61": {"name": "thornmail", "id": "3075"}, "232": {"name": "boots of swiftness", "id": "3009"}, "332": {"name": "control ward", "id": "2055"}, "313": {"name": "oracle alteration", "id": "3364"}, "182": {"name": "spectre's cowl", "id": "3211"}, "38": {"name": "boots of swiftness", "id": "3009"}, "339": {"name": "zeke's convergence", "id": "3050"}, "249": {"name": "perfect hex core", "id": "3198"}, "40": {"name": "sorcerer's shoes", "id": "3020"}, "58": {"name": "tear of the goddess", "id": "3070"}, "233": {"name": "poro-snax", "id": "2052"}, "145": {"name": "blade of the ruined king", "id": "3153"}, "135": {"name": "locket of the iron solari", "id": "3190"}, "16": {"name": "pickaxe", "id": "1037"}, "261": {"name": "stalker's blade", "id": "3706"}, "305": {"name": "refillable potion", "id": "2031"}, "248": {"name": "the hex core mk-2", "id": "3197"}, "23": {"name": "doran's shield", "id": "1054"}, "243": {"name": "ardent censer", "id": "3504"}, "4": {"name": "rejuvenation bead", "id": "1006"}, "105": {"name": "hextech revolver", "id": "3145"}, "51": {"name": "phage", "id": "3044"}, "102": {"name": "randuin's omen", "id": "3143"}, "335": {"name": "poacher's dirk", "id": "3252"}, "163": {"name": "archangel's staff", "id": "3003"}, "186": {"name": "relic shield", "id": "3302"}, "253": {"name": "righteous glory", "id": "3800"}, "271": {"name": "enchantment: cinderhulk", "id": "1413"}, "169": {"name": "statikk shiv", "id": "3087"}, "307": {"name": "corrupting potion", "id": "2033"}, "104": {"name": "hextech gunblade", "id": "3146"}, "256": {"name": "elixir of sorcery", "id": "2139"}, "257": {"name": "elixir of wrath", "id": "2140"}, "317": {"name": "enchantment: warrior", "id": "1408"}, "334": {"name": "knight's vow", "id": "3109"}, "106": {"name": "needlessly large rod", "id": "1058"}, "65": {"name": "warmog's armor", "id": "3083"}, "187": {"name": "face of the mountain", "id": "3401"}, "68": {"name": "wit's end", "id": "3091"}, "235": {"name": "aether wisp", "id": "3113"}, "328": {"name": "enchantment: bloodrazor", "id": "1416"}, "6": {"name": "giant's belt", "id": "1011"}, "290": {"name": "death's daughter", "id": "3902"}, "8": {"name": "cloak of agility", "id": "1018"}, "41": {"name": "frozen mallet", "id": "3022"}, "289": {"name": "titanic hydra", "id": "3748"}, "246": {"name": "prototype hex core", "id": "3200"}, "60": {"name": "the bloodthirster", "id": "3072"}, "82": {"name": "mercury's treads", "id": "3111"}, "48": {"name": "last whisper", "id": "3035"}, "14": {"name": "null-magic mantle", "id": "1033"}, "185": {"name": "ancient coin", "id": "3301"}, "159": {"name": "ravenous hydra", "id": "3074"}, "157": {"name": "muramana", "id": "3004"}, "11": {"name": "ruby crystal", "id": "1028"}, "101": {"name": "youmuu's ghostblade", "id": "3142"}, "296": {"name": "lord dominik's regards", "id": "3036"}, "321": {"name": "enchantment: runic echoes", "id": "1402"}, "325": {"name": "hextech protobelt-01", "id": "3152"}, "44": {"name": "rod of ages", "id": "3027"}, "46": {"name": "infinity edge", "id": "3031"}, "311": {"name": "serrated dirk", "id": "3134"}, "45": {"name": "chalice of harmony", "id": "3028"}, "299": {"name": "tracker's knife", "id": "3711"}, "156": {"name": "morellonomicon", "id": "3165"}, "115": {"name": "rabadon's deathcap", "id": "3089"}, "88": {"name": "guinsoo's rageblade", "id": "3124"}, "338": {"name": "gargoyle stoneplate", "id": "3193"}, "161": {"name": "runaan's hurricane", "id": "3085"}, "183": {"name": "spellthief's edge", "id": "3303"}, "74": {"name": "lich bane", "id": "3100"}, "66": {"name": "zeal", "id": "3086"}, "306": {"name": "hunter's potion", "id": "2032"}, "114": {"name": "zhonya's hourglass", "id": "3157"}, "59": {"name": "the black cleaver", "id": "3071"}, "319": {"name": "enchantment: runic echoes", "id": "1410"}, "85": {"name": "rylai's crystal scepter", "id": "3116"}, "1": {"name": "boots of speed", "id": "1001"}, "179": {"name": "seeker's armguard", "id": "3191"}, "287": {"name": "dead man's plate", "id": "3742"}, "158": {"name": "ohmwrecker", "id": "3056"}, "244": {"name": "essence reaver", "id": "3508"}, "136": {"name": "maw of malmortius", "id": "3156"}, "164": {"name": "sightstone", "id": "2049"}, "312": {"name": "farsight alteration", "id": "3363"}, "113": {"name": "ionian boots of lucidity", "id": "3158"}, "77": {"name": "aegis of the legion", "id": "3105"}, "9": {"name": "blasting wand", "id": "1026"}, "254": {"name": "elixir of iron", "id": "2138"}, "43": {"name": "guardian angel", "id": "3026"}, "301": {"name": "eye of the oasis", "id": "2302"}, "329": {"name": "enchantment: bloodrazor", "id": "1419"}, "292": {"name": "fire at will", "id": "3901"}, "50": {"name": "mejai's soulstealer", "id": "3041"}, "10": {"name": "sapphire crystal", "id": "1027"}, "250": {"name": "the black spear", "id": "3599"}, "76": {"name": "banshee's veil", "id": "3102"}, "333": {"name": "edge of night", "id": "3814"}, "20": {"name": "brawler's gloves", "id": "1051"}, "337": {"name": "adaptive helm", "id": "3194"}, "322": {"name": "duskblade of draktharr", "id": "3147"}, "94": {"name": "quicksilver sash", "id": "3140"}, "26": {"name": "negatron cloak", "id": "1057"}, "24": {"name": "doran's blade", "id": "1055"}, "293": {"name": "kircheis shard", "id": "2015"}, "153": {"name": "liandry's torment", "id": "3151"}, "277": {"name": "enchantment: warrior", "id": "1400"}, "34": {"name": "abyssal mask", "id": "3001"}, "109": {"name": "manamune", "id": "3004"}, "282": {"name": "zz'rot portal", "id": "3512"}, "52": {"name": "phantom dancer", "id": "3046"}, "288": {"name": "sterak's gage", "id": "3053"}, "87": {"name": "executioner's calling", "id": "3123"}, "275": {"name": "enchantment: cinderhulk", "id": "1401"}, "62": {"name": "tiamat", "id": "3077"}, "63": {"name": "trinity force", "id": "3078"}, "103": {"name": "bilgewater cutlass", "id": "3144"}, "300": {"name": "eye of the watchers", "id": "2301"}, "70": {"name": "nomad's medallion", "id": "3096"}, "27": {"name": "health potion", "id": "2003"}, "291": {"name": "raise morale", "id": "3903"}, "25": {"name": "doran's ring", "id": "1056"}, "273": {"name": "enchantment: warrior", "id": "1412"}, "151": {"name": "hunter's machete", "id": "1041"}, "160": {"name": "ruby sightstone", "id": "2045"}, "323": {"name": "lost chapter", "id": "3802"}, "13": {"name": "chain vest", "id": "1031"}, "39": {"name": "catalyst of aeons", "id": "3010"}, "86": {"name": "boots of mobility", "id": "3117"}, "98": {"name": "void staff", "id": "3135"}, "320": {"name": "enchantment: runic echoes", "id": "1414"}, "72": {"name": "frostfang", "id": "3098"}, "111": {"name": "talisman of ascension", "id": "3069"}, "310": {"name": "jaurim's fist", "id": "3052"}, "84": {"name": "nashor's tooth", "id": "3115"}, "295": {"name": "giant slayer", "id": "3034"}, "237": {"name": "forbidden idol", "id": "3114"}, "341": {"name": "bramble vest", "id": "3076"}}