{"44": {"id": "3027", "name": "rod of ages"}, "345": {"id": "3380", "name": "the obsidian cleaver"}, "136": {"id": "3156", "name": "maw of malmortius"}, "14": {"id": "1033", "name": "null-magic mantle"}, "329": {"id": "1419", "name": "enchantment: bloodrazor"}, "348": {"id": "3382", "name": "salvation"}, "35": {"id": "3003", "name": "archangel's staff"}, "55": {"id": "3057", "name": "sheen"}, "313": {"id": "3364", "name": "oracle alteration"}, "161": {"id": "3085", "name": "runaan's hurricane"}, "99": {"id": "3136", "name": "haunting guise"}, "45": {"id": "3028", "name": "chalice of harmony"}, "40": {"id": "3020", "name": "sorcerer's shoes"}, "343": {"id": "3379", "name": "infernal mask"}, "48": {"id": "3035", "name": "last whisper"}, "334": {"id": "3109", "name": "knight's vow"}, "254": {"id": "2138", "name": "elixir of iron"}, "342": {"id": "3373", "name": "forgefire cape"}, "59": {"id": "3071", "name": "the black cleaver"}, "102": {"id": "3143", "name": "randuin's omen"}, "70": {"id": "3096", "name": "nomad's medallion"}, "319": {"id": "1410", "name": "enchantment: runic echoes"}, "74": {"id": "3100", "name": "lich bane"}, "347": {"id": "3384", "name": "trinity fusion"}, "148": {"id": "3060", "name": "banner of command"}, "335": {"id": "3252", "name": "poacher's dirk"}, "182": {"id": "3211", "name": "spectre's cowl"}, "53": {"id": "3047", "name": "ninja tabi"}, "46": {"id": "3031", "name": "infinity edge"}, "232": {"id": "3009", "name": "boots of swiftness"}, "293": {"id": "2015", "name": "kircheis shard"}, "112": {"id": "3155", "name": "hexdrinker"}, "252": {"id": "2053", "name": "raptor cloak"}, "169": {"id": "3087", "name": "statikk shiv"}, "283": {"id": "3285", "name": "luden's echo"}, "12": {"id": "1029", "name": "cloth armor"}, "88": {"id": "3124", "name": "guinsoo's rageblade"}, "183": {"id": "3303", "name": "spellthief's edge"}, "41": {"id": "3022", "name": "frozen mallet"}, "302": {"id": "2303", "name": "eye of the equinox"}, "26": {"id": "1057", "name": "negatron cloak"}, "237": {"id": "3114", "name": "forbidden idol"}, "297": {"id": "3033", "name": "mortal reminder"}, "338": {"id": "3193", "name": "gargoyle stoneplate"}, "179": {"id": "3191", "name": "seeker's armguard"}, "307": {"id": "2033", "name": "corrupting potion"}, "155": {"id": "3222", "name": "mikael's crucible"}, "294": {"id": "3094", "name": "rapid firecannon"}, "187": {"id": "3401", "name": "face of the mountain"}, "310": {"id": "3052", "name": "jaurim's fist"}, "111": {"id": "3069", "name": "talisman of ascension"}, "246": {"id": "3200", "name": "prototype hex core"}, "233": {"id": "2052", "name": "poro-snax"}, "271": {"id": "1413", "name": "enchantment: cinderhulk"}, "98": {"id": "3135", "name": "void staff"}, "248": {"id": "3197", "name": "the hex core mk-2"}, "349": {"id": "3383", "name": "circlet of the iron solari"}, "106": {"id": "1058", "name": "needlessly large rod"}, "284": {"id": "3751", "name": "bami's cinder"}, "135": {"id": "3190", "name": "locket of the iron solari"}, "290": {"id": "3902", "name": "death's daughter"}, "164": {"id": "2049", "name": "sightstone"}, "51": {"id": "3044", "name": "phage"}, "188": {"id": "3340", "name": "warding totem"}, "253": {"id": "3800", "name": "righteous glory"}, "4": {"id": "1006", "name": "rejuvenation bead"}, "17": {"id": "1038", "name": "b. f. sword"}, "145": {"id": "3153", "name": "blade of the ruined king"}, "153": {"id": "3151", "name": "liandry's torment"}, "6": {"id": "1011", "name": "giant's belt"}, "251": {"id": "3801", "name": "crystalline bracer"}, "337": {"id": "3194", "name": "adaptive helm"}, "34": {"id": "3001", "name": "abyssal mask"}, "346": {"id": "3374", "name": "rabadon's deathcrown"}, "299": {"id": "3711", "name": "tracker's knife"}, "163": {"id": "3003", "name": "archangel's staff"}, "13": {"id": "1031", "name": "chain vest"}, "154": {"id": "3139", "name": "mercurial scimitar"}, "52": {"id": "3046", "name": "phantom dancer"}, "109": {"id": "3004", "name": "manamune"}, "8": {"id": "1018", "name": "cloak of agility"}, "160": {"id": "2045", "name": "ruby sightstone"}, "158": {"id": "3056", "name": "ohmwrecker"}, "84": {"id": "3115", "name": "nashor's tooth"}, "325": {"id": "3152", "name": "hextech protobelt-01"}, "295": {"id": "3034", "name": "giant slayer"}, "63": {"id": "3078", "name": "trinity force"}, "2": {"id": "1004", "name": "faerie charm"}, "101": {"id": "3142", "name": "youmuu's ghostblade"}, "243": {"id": "3504", "name": "ardent censer"}, "62": {"id": "3077", "name": "tiamat"}, "159": {"id": "3074", "name": "ravenous hydra"}, "344": {"id": "3371", "name": "molten edge"}, "287": {"id": "3742", "name": "dead man's plate"}, "19": {"id": "1043", "name": "recurve bow"}, "20": {"id": "1051", "name": "brawler's gloves"}, "157": {"id": "3004", "name": "muramana"}, "58": {"id": "3070", "name": "tear of the goddess"}, "71": {"id": "3097", "name": "targon's brace"}, "150": {"id": "3025", "name": "iceborn gauntlet"}, "86": {"id": "3117", "name": "boots of mobility"}, "244": {"id": "3508", "name": "essence reaver"}, "320": {"id": "1414", "name": "enchantment: runic echoes"}, "292": {"id": "3901", "name": "fire at will"}, "27": {"id": "2003", "name": "health potion"}, "156": {"id": "3165", "name": "morellonomicon"}, "105": {"id": "3145", "name": "hextech revolver"}, "43": {"id": "3026", "name": "guardian angel"}, "57": {"id": "3068", "name": "sunfire cape"}, "190": {"id": "3341", "name": "sweeping lens"}, "305": {"id": "2031", "name": "refillable potion"}, "81": {"id": "3110", "name": "frozen heart"}, "247": {"id": "3196", "name": "the hex core mk-1"}, "301": {"id": "2302", "name": "eye of the oasis"}, "68": {"id": "3091", "name": "wit's end"}, "286": {"id": "3187", "name": "arcane sweeper"}, "61": {"id": "3075", "name": "thornmail"}, "309": {"id": "3133", "name": "caulfield's warhammer"}, "64": {"id": "3082", "name": "warden's mail"}, "185": {"id": "3301", "name": "ancient coin"}, "66": {"id": "3086", "name": "zeal"}, "25": {"id": "1056", "name": "doran's ring"}, "87": {"id": "3123", "name": "executioner's calling"}, "323": {"id": "3802", "name": "lost chapter"}, "277": {"id": "1400", "name": "enchantment: warrior"}, "79": {"id": "3108", "name": "fiendish codex"}, "296": {"id": "3036", "name": "lord dominik's regards"}, "306": {"id": "2032", "name": "hunter's potion"}, "341": {"id": "3076", "name": "bramble vest"}, "38": {"id": "3009", "name": "boots of swiftness"}, "113": {"id": "3158", "name": "ionian boots of lucidity"}, "115": {"id": "3089", "name": "rabadon's deathcap"}, "75": {"id": "3101", "name": "stinger"}, "339": {"id": "3050", "name": "zeke's convergence"}, "332": {"id": "2055", "name": "control ward"}, "72": {"id": "3098", "name": "frostfang"}, "321": {"id": "1402", "name": "enchantment: runic echoes"}, "328": {"id": "1416", "name": "enchantment: bloodrazor"}, "256": {"id": "2139", "name": "elixir of sorcery"}, "37": {"id": "3006", "name": "berserker's greaves"}, "273": {"id": "1412", "name": "enchantment: warrior"}, "16": {"id": "1037", "name": "pickaxe"}, "312": {"id": "3363", "name": "farsight alteration"}, "235": {"id": "3113", "name": "aether wisp"}, "137": {"id": "3174", "name": "athene's unholy grail"}, "11": {"id": "1028", "name": "ruby crystal"}, "327": {"id": "1418", "name": "enchantment: bloodrazor"}, "15": {"id": "1036", "name": "long sword"}, "257": {"id": "2140", "name": "elixir of wrath"}, "50": {"id": "3041", "name": "mejai's soulstealer"}, "249": {"id": "3198", "name": "perfect hex core"}, "186": {"id": "3302", "name": "relic shield"}, "39": {"id": "3010", "name": "catalyst of aeons"}, "324": {"id": "3030", "name": "hextech glp-800"}, "9": {"id": "1026", "name": "blasting wand"}, "260": {"id": "3715", "name": "skirmisher's sabre"}, "300": {"id": "2301", "name": "eye of the watchers"}, "311": {"id": "3134", "name": "serrated dirk"}, "94": {"id": "3140", "name": "quicksilver sash"}, "1": {"id": "1001", "name": "boots of speed"}, "24": {"id": "1055", "name": "doran's blade"}, "82": {"id": "3111", "name": "mercury's treads"}, "103": {"id": "3144", "name": "bilgewater cutlass"}, "322": {"id": "3147", "name": "duskblade of draktharr"}, "85": {"id": "3116", "name": "rylai's crystal scepter"}, "303": {"id": "1082", "name": "the dark seal"}, "76": {"id": "3102", "name": "banshee's veil"}, "261": {"id": "3706", "name": "stalker's blade"}, "298": {"id": "1039", "name": "hunter's talisman"}, "56": {"id": "3065", "name": "spirit visage"}, "104": {"id": "3146", "name": "hextech gunblade"}, "288": {"id": "3053", "name": "sterak's gage"}, "317": {"id": "1408", "name": "enchantment: warrior"}, "315": {"id": "1409", "name": "enchantment: cinderhulk"}, "18": {"id": "1042", "name": "dagger"}, "21": {"id": "1052", "name": "amplifying tome"}, "110": {"id": "3067", "name": "kindlegem"}, "308": {"id": "3812", "name": "death's dance"}, "10": {"id": "1027", "name": "sapphire crystal"}, "23": {"id": "1054", "name": "doran's shield"}, "170": {"id": "2003", "name": "health potion"}, "282": {"id": "3512", "name": "zz'rot portal"}, "22": {"id": "1053", "name": "vampiric scepter"}, "350": {"id": "3386", "name": "zhonya's paradox"}, "250": {"id": "3599", "name": "the black spear"}, "65": {"id": "3083", "name": "warmog's armor"}, "289": {"id": "3748", "name": "titanic hydra"}, "333": {"id": "3814", "name": "edge of night"}, "152": {"id": "3092", "name": "frost queen's claim"}, "304": {"id": "1083", "name": "cull"}, "336": {"id": "3107", "name": "redemption"}, "77": {"id": "3105", "name": "aegis of the legion"}, "151": {"id": "1041", "name": "hunter's machete"}, "291": {"id": "3903", "name": "raise morale"}, "60": {"id": "3072", "name": "the bloodthirster"}, "114": {"id": "3157", "name": "zhonya's hourglass"}, "217": {"id": "3111", "name": "mercury's treads"}, "42": {"id": "3024", "name": "glacial shroud"}, "275": {"id": "1401", "name": "enchantment: cinderhulk"}}